{"cameraMode":{"drawMode":0,"name":"Shaded","section":"Shading Mode"},"sceneLighting":false,"audioPlay":false,"sceneViewState":{"showFog":true,"showMaterialUpdate":false,"showSkybox":false,"showFlares":true,"showImageEffects":true,"showParticleSystems":true},"in2DMode":false,"pivot":{"x":246.23007202148438,"y":9.595203399658204,"z":65.04254150390625},"rotation":{"x":-0.011199446395039559,"y":-0.7340473532676697,"z":-0.012116043828427792,"w":0.6789151430130005},"size":5.0556793212890629,"orthographic":true}