{"cameraMode":{"drawMode":0,"name":"Shaded","section":"Shading Mode"},"sceneLighting":false,"audioPlay":false,"sceneViewState":{"showFog":true,"showMaterialUpdate":false,"showSkybox":false,"showFlares":true,"showImageEffects":true,"showParticleSystems":true},"in2DMode":false,"pivot":{"x":-8.604162216186524,"y":1.976945400238037,"z":6.012810707092285},"rotation":{"x":-0.11743593961000443,"y":0.8104243278503418,"z":-0.17401215434074403,"w":-0.5469842553138733},"size":0.7470933794975281,"orthographic":false}