{"cameraMode":{"drawMode":0,"name":"Shaded","section":"Shading Mode"},"sceneLighting":false,"audioPlay":false,"sceneViewState":{"showFog":true,"showMaterialUpdate":false,"showSkybox":false,"showFlares":true,"showImageEffects":true,"showParticleSystems":true},"in2DMode":false,"pivot":{"x":44.55146026611328,"y":1.1128703355789185,"z":34.09270095825195},"rotation":{"x":-0.25700774788856509,"y":0.2977856695652008,"z":0.08353491127490998,"w":0.9157528281211853},"size":2.2583718299865724,"orthographic":false}